province,GEO_NAME,tenure,shelter-to-income-ratio,"Under $10,000","$10,000 to $19,999","$20,000 to $29,999","$30,000 to $39,999","$40,000 to $49,999","$50,000 to $59,999","$60,000 to $69,999","$70,000 to $79,999","$80,000 to 89,999","$90,000 to $99,999","$100,000 and over"
NL,,Total,Spending less than 30% of income,310545,6310,12505,16340,13895,13900,13415,12450,11485,10370,68840
NL,,Total,Spending more than 30% of income,85315,10685,9015,6060,2905,1945,1155,715,380,235,380
PEI,,Total,Spending less than 30% of income,50,1550,2895,4145,4700,4825,4415,4195,3715,3110,13785
PEI,,Total,Spending more than 30% of income,1270,3185,2635,1995,925,365,235,100,65,15,60
NS,,Total,Spending less than 30% of income,740,8630,17955,27850,29725,29070,28080,26080,23385,19800,99225
NS,,Total,Spending more than 30% of income,11870,23735,20515,12910,7105,4325,2105,1185,630,295,645
NB,,Total,Spending less than 30% of income,1530,9185,18185,26500,26305,25410,23835,22150,18705,15960,73630
NB,,Total,Spending more than 30% of income,8655,14890,13795,7755,3775,1895,975,510,245,115,325
QC,,Total,Spending less than 30% of income,4780,81290,156900,267650,286770,272915,249430,227580,199900,169940,845950
QC,,Total,Spending more than 30% of income,92585,218025,175400,97775,59974,38105,21250,11835,7050,4000,6785
ON,,Total,Spending less than 30% of income,12455,54470,110755,185980,241940,267720,279215,277275,269220,255885,1739480
ON,,Total,Spending more than 30% of income,134050,260880,267245,218045,162220,116710,81205,54380,36630,24525,47015
MB,,Total,Spending less than 30% of income,12455,8350,18090,25885,31255,32725,32910,30815,29000,25710,138460
MB,,Total,Spending more than 30% of income,134050,18720,19450,15060,8960,5695,3325,1745,1090,575,975
SK,,Total,Spending less than 30% of income,275,5785,12495,19040,21925,23200,23985,22740,22450,20470,144140
SK,,Total,Spending more than 30% of income,7945,17235,18170,13070,8725,5535,3765,2275,1335,815,1425
AB,,Total,Spending less than 30% of income,990,7860,28735,39625,50875,61650,69865,73510,76385,75665,685625
AB,,Total,Spending more than 30% of income,24750,40780,59370,45420,38940,31000,22695,15655,10535,6895,12445
BC,,Total,Spending less than 30% of income,2145,23740,55210,81600,96330,103000,103395,100530,94335,87785,572145
BC,,Total,Spending more than 30% of income,61875,105375,92365,70285,51795,36610,27080,19025,13760,9845,24190
YT,,Total,Spending less than 30% of income,25,270,545,515,695,615,800,730,865,785,6025
YT,,Total,Spending more than 30% of income,270,570,510,365,240,230,170,110,75,55,85
NT,,Total,Spending less than 30% of income,120,405,585,465,405,410,450,560,575,585,8455
NT,,Total,Spending more than 30% of income,220,245,285,245,195,215,95,80,90,35,140
NU,,Total,Spending less than 30% of income,260,375,535,590,585,505,480,400,390,400,4730
NU,,Total,Spending more than 30% of income,100,70,65,55,55,45,45,35,25,15,60
,Bay Roberts,Total,Spending less than 30% of income,10,130,285,345,260,265,305,275,200,195,1385
,Bay Roberts,Total,Spending more than 30% of income,75,255,205,155,50,55,10,25,10,10,10
,Bay Roberts,Owner,Spending less than 30% of income,0,130,260,310,180,220,260,235,185,175,1350
,Bay Roberts,Owner,Spending more than 30% of income,55,110,85,105,40,45,10,25,10,10,10
,Bay Roberts,Renter,Spending less than 30% of income,10,10,20,35,80,40,45,40,15,20,30
,Bay Roberts,Renter,Spending more than 30% of income,20,145,120,45,0,10,0,0,0,0,0
,Grand Falls-Windsor,Total,Spending less than 30% of income,20,180,305,440,445,480,400,385,325,270,1625
,Grand Falls-Windsor,Total,Spending more than 30% of income,130,415,285,190,100,30,30,20,10,0,10
,Grand Falls-Windsor,Owner,Spending less than 30% of income,0,60,120,280,305,335,300,315,280,220,1515
,Grand Falls-Windsor,Owner,Spending more than 30% of income,25,75,70,50,65,30,25,15,15,0,10
,Grand Falls-Windsor,Renter,Spending less than 30% of income,20,120,185,160,140,150,100,65,45,55,110
,Grand Falls-Windsor,Renter,Spending more than 30% of income,105,340,215,135,35,0,10,0,0,0,0
,Gander,Total,Spending less than 30% of income,10,75,175,345,330,445,385,280,365,280,1835
,Gander,Total,Spending more than 30% of income,55,325,290,140,65,75,25,10,10,10,10
,Gander,Owner,Spending less than 30% of income,10,35,70,175,180,280,290,200,290,240,1730
,Gander,Owner,Spending more than 30% of income,15,40,65,50,20,60,25,10,10,10,0
,Gander,Renter,Spending less than 30% of income,0,45,115,165,150,160,95,80,75,40,105
,Gander,Renter,Spending more than 30% of income,35,285,225,90,45,10,0,10,0,10,0
,Corner Brook,Total,Spending less than 30% of income,40,330,730,1070,895,960,925,730,865,685,3905
,Corner Brook,Total,Spending more than 30% of income,285,580,680,455,235,120,40,30,20,10,35
,Corner Brook,Owner,Spending less than 30% of income,10,135,455,650,530,705,690,580,740,595,3600
,Corner Brook,Owner,Spending more than 30% of income,85,125,215,230,150,80,40,35,15,10,30
,Corner Brook,Renter,Spending less than 30% of income,35,200,275,420,365,255,235,145,125,95,300
,Corner Brook,Renter,Spending more than 30% of income,205,455,460,225,85,40,0,0,0,10,0
,Charlottetown,Total,Spending less than 30% of income,25,560,955,1670,1935,2195,2085,2065,1725,1460,7525
,Charlottetown,Total,Spending more than 30% of income,865,1745,1470,1195,610,210,125,45,45,10,30
,Charlottetown,Owner,Spending less than 30% of income,15,125,475,725,950,1250,1350,1415,1315,1145,6920
,Charlottetown,Owner,Spending more than 30% of income,230,345,385,445,355,145,115,45,45,10,25
,Charlottetown,Renter,Spending less than 30% of income,10,435,480,950,985,950,730,645,410,315,610
,Charlottetown,Renter,Spending more than 30% of income,635,1390,1085,750,250,65,15,0,0,0,0
,Summerside,Total,Spending less than 30% of income,10,215,420,610,670,645,550,470,445,330,1295
,Summerside,Total,Spending more than 30% of income,145,540,385,285,95,55,30,10,0,0,10
,Summerside,Owner,Spending less than 30% of income,0,90,175,305,310,390,310,320,390,245,1150
,Summerside,Owner,Spending more than 30% of income,40,90,100,110,65,45,25,10,0,0,10
,Summerside,Renter,Spending less than 30% of income,0,125,245,305,360,260,235,145,55,80,145
,Summerside,Renter,Spending more than 30% of income,110,450,285,175,30,10,10,0,0,0,0
,Halifax,Total,Spending less than 30% of income,185,1550,3580,7995,10125,11000,11155,11120,10690,9370,52800
,Halifax,Total,Spending more than 30% of income,5895,10010,9685,6940,4245,2975,1515,815,465,195,470
,Halifax,Owner,Spending less than 30% of income,10,705,2105,3590,4690,5635,6220,6900,7410,7010,46380
,Halifax,Owner,Spending more than 30% of income,1180,1740,2190,2130,1850,1635,1050,655,395,180,400
,Halifax,Renter,Spending less than 30% of income,175,845,1480,4410,5435,5370,4945,4220,3285,2365,6425
,Halifax,Renter,Spending more than 30% of income,4715,8265,7495,4805,2395,1340,465,155,70,20,70
,Kentville,Total,Spending less than 30% of income,20,190,530,925,945,995,835,830,650,490,2295
,Kentville,Total,Spending more than 30% of income,280,790,760,350,205,95,30,10,10,0,15
,Kentville,Owner,Spending less than 30% of income,0,105,305,585,545,690,600,665,550,430,2170
,Kentville,Owner,Spending more than 30% of income,65,180,190,175,145,80,25,10,10,0,15
,Kentville,Renter,Spending less than 30% of income,10,85,225,335,400,305,235,165,100,60,130
,Kentville,Renter,Spending more than 30% of income,210,615,570,175,70,10,10,0,0,0,0
,Truro,Total,Spending less than 30% of income,25,470,975,1655,1805,1460,1590,1360,1165,905,4090
,Truro,Total,Spending more than 30% of income,580,1415,1085,570,245,95,55,20,10,10,10
,Truro,Owner,Spending less than 30% of income,10,345,645,1040,1115,1070,1205,110,970,755,3835
,Truro,Owner,Spending more than 30% of income,190,265,305,275,165,70,45,20,0,10,10
,Truro,Renter,Spending less than 30% of income,25,125,330,620,690,390,385,260,195,150,255
,Truro,Renter,Spending more than 30% of income,390,1150,780,295,85,25,10,0,0,0,0
,New Glasgow,Total,Spending less than 30% of income,35,415,880,1250,1330,1140,1035,1040,830,770,3205
,New Glasgow,Total,Spending more than 30% of income,345,1045,700,455,200,100,55,20,15,0,15
,New Glasgow,Owner,Spending less than 30% of income,15,245,605,810,970,825,875,815,745,670,2090
,New Glasgow,Owner,Spending more than 30% of income,145,270,250,295,120,70,50,20,10,0,15
,New Glasgow,Renter,Spending less than 30% of income,25,175,275,440,365,315,165,220,80,100,115
,New Glasgow,Renter,Spending more than 30% of income,205,770,455,155,80,35,0,0,0,0,0
,Cape Breton,Total,Spending less than 30% of income,95,1280,2740,3600,3450,3335,2920,2485,2220,1775,9030
,Cape Breton,Total,Spending more than 30% of income,1345,2930,2245,1175,560,230,60,60,15,10,30
,Cape Breton,Owner,Spending less than 30% of income,40,640,1875,2445,2370,2635,2370,2100,1965,1585,8575
,Cape Breton,Owner,Spending more than 30% of income,460,805,835,585,375,190,60,60,15,10,30
,Cape Breton,Renter,Spending less than 30% of income,60,640,870,1160,1085,700,550,380,260,195,455
,Cape Breton,Renter,Spending more than 30% of income,880,2125,1415,585,185,45,0,0,0,0,0
,Moncton,Total,Spending less than 30% of income,315,875,2115,4045,5075,4770,4665,4415,3945,3190,15575
,Moncton,Total,Spending more than 30% of income,1580,3030,3600,2195,970,510,265,110,75,40,60
,Moncton,Owner,Spending less than 30% of income,30,415,1040,2120,2960,3170,3390,3535,3395,2835,14700
,Moncton,Owner,Spending more than 30% of income,460,815,990,1025,635,410,230,100,65,30,55
,Moncton,Renter,Spending less than 30% of income,285,460,1080,1925,2115,1605,1275,880,550,350,875
,Moncton,Renter,Spending more than 30% of income,1120,2215,2610,1170,330,100,35,10,10,10,10
,Saint John,Total,Spending less than 30% of income,275,1025,2470,3795,3905,3740,3535,3375,3000,2710,14845
,Saint John,Total,Spending more than 30% of income,1630,2740,2485,1355,760,450,220,120,45,25,75
,Saint John,Owner,Spending less than 30% of income,20,450,1270,1975,2175,2570,2645,2645,2525,2425,14065
,Saint John,Owner,Spending more than 30% of income,500,740,805,815,585,375,200,120,5,30,75
,Saint John,Renter,Spending less than 30% of income,255,570,1205,1820,1730,1170,890,730,474,280,780
,Saint John,Renter,Spending more than 30% of income,1130,1995,1680,540,175,75,20,0,10,0,0
,Fredericton,Total,Spending less than 30% of income,155,685,1425,2550,3000,3125,3130,2910,2605,2355,12105
,Fredericton,Total,Spending more than 30% of income,1200,1830,2045,1320,755,350,200,75,25,20,35
,Fredericton,Owner,Spending less than 30% of income,35,360,935,1520,1805,2000,2300,2310,2225,2060,11400
,Fredericton,Owner,Spending more than 30% of income,420,505,560,570,485,270,190,60,25,20,35
,Fredericton,Renter,Spending less than 30% of income,125,325,490,1035,1195,1125,825,600,385,290,710
,Fredericton,Renter,Spending more than 30% of income,775,1330,1480,750,270,80,15,15,0,0,0
,Bathurst,Total,Spending less than 30% of income,100,575,965,1415,1250,1150,990,840,760,630,2900
,Bathurst,Total,Spending more than 30% of income,540,700,550,275,90,35,25,30,10,0,15
,Bathurst,Owner,Spending less than 30% of income,40,310,595,1010,925,980,870,760,670,595,2775
,Bathurst,Owner,Spending more than 30% of income,150,195,245,170,60,30,20,25,10,0,15
,Bathurst,Renter,Spending less than 30% of income,60,270,375,405,325,170,115,80,95,40,120
,Bathurst,Renter,Spending more than 30% of income,400,500,300,105,25,0,10,10,0,0,0
,Miramichi,Total,Spending less than 30% of income,40,365,790,940,1000,1050,805,900,685,610,2580
,Miramichi,Total,Spending more than 30% of income,260,600,410,250,100,35,5,10,0,15,10
,Miramichi,Owner,Spending less than 30% of income,20,235,580,655,755,780,685,805,640,565,2490
,Miramichi,Owner,Spending more than 30% of income,90,270,155,135,80,40,15,15,10,10,10
,Miramichi,Renter,Spending less than 30% of income,20,125,215,280,245,265,120,95,45,45,95
,Miramichi,Renter,Spending more than 30% of income,170,325,255,110,20,0,0,0,0,0,0
,Campbellton,Total,Spending less than 30% of income,40,285,580,750,585,535,420,460,340,255,1110
,Campbellton,Total,Spending more than 30% of income,305,430,250,75,50,10,10,0,0,0,10
,Campbellton,Owner,Spending less than 30% of income,10,170,305,485,420,440,350,395,335,235,1060
,Campbellton,Owner,Spending more than 30% of income,75,150,105,55,40,10,0,0,0,0,10
,Campbellton,Renter,Spending less than 30% of income,35,120,275,265,165,90,70,65,10,15,50
,Campbellton,Renter,Spending more than 30% of income,225,280,140,20,0,0,0,0,0,0,0
,Edmundston,Total,Spending less than 30% of income,55,350,765,1120,850,835,745,705,595,500,1980
,Edmundston,Total,Spending more than 30% of income,354,585,500,230,135,45,25,20,10,0,0
,Edmundston,Owner,Spending less than 30% of income,20,175,385,715,605,665,600,620,555,475,1925
,Edmundston,Owner,Spending more than 30% of income,105,180,220,180,125,40,20,25,10,0,0
,Edmundston,Renter,Spending less than 30% of income,35,175,375,400,245,165,145,85,45,25,50
,Edmundston,Renter,Spending more than 30% of income,245,405,275,55,10,10,0,0,0,0,0
,Matane,Total,Spending less than 30% of income,25,405,765,950,925,670,580,575,460,415,1355
,Matane,Total,Spending more than 30% of income,190,570,335,160,70,30,10,0,0,0,10
,Matane,Owner,Spending less than 30% of income,0,180,340,575,590,470,500,495,430,375,1290
,Matane,Owner,Spending more than 30% of income,50,95,175,110,60,30,10,0,0,10,10
,Matane,Renter,Spending less than 30% of income,10,230,425,375,335,205,80,80,25,40,65
,Matane,Renter,Spending more than 30% of income,145,475,160,55,0,0,0,0,0,0,0
,Rimouski,Total,Spending less than 30% of income,55,800,1380,2415,2285,2075,1825,1730,1680,1175,5505
,Rimouski,Total,Spending more than 30% of income,545,1550,1125,485,380,155,90,25,30,10,10
,Rimouski,Owner,Spending less than 30% of income,10,195,495,1170,1220,1390,1350,1370,1450,1080,5195
,Rimouski,Owner,Spending more than 30% of income,80,300,305,265,300,120,75,15,30,10,0
,Rimouski,Renter,Spending less than 30% of income,50,605,885,1245,1070,695,475,355,230,95,305
,Rimouski,Renter,Spending more than 30% of income,465,1250,825,225,85,30,15,10,0,10,0
,Rivière-du-Loup,Total,Spending less than 30% of income,0,400,790,1415,1090,1145,910,955,805,630,2680
,Rivière-du-Loup,Total,Spending more than 30% of income,155,795,515,250,125,55,50,30,10,10,10
,Rivière-du-Loup,Owner,Spending less than 30% of income,0,95,345,605,580,740,640,745,635,555,2540
,Rivière-du-Loup,Owner,Spending more than 30% of income,25,105,145,160,110,50,50,30,0,0,10
,Rivière-du-Loup,Renter,Spending less than 30% of income,0,305,445,810,515,410,275,210,165,75,140
,Rivière-du-Loup,Renter,Spending more than 30% of income,130,690,375,90,10,10,0,0,0,0,0
,Baie-Comeau,Total,Spending less than 30% of income,25,320,650,1065,1115,945,835,870,715,695,3630
,Baie-Comeau,Total,Spending more than 30% of income,145,540,365,190,115,55,35,30,0,0,10
,Baie-Comeau,Owner,Spending less than 30% of income,0,65,260,655,735,655,670,725,595,625,3455
,Baie-Comeau,Owner,Spending more than 30% of income,40,120,135,140,85,50,35,25,10,0,10
,Baie-Comeau,Renter,Spending less than 30% of income,25,250,390,410,375,285,170,150,120,75,175
,Baie-Comeau,Renter,Spending more than 30% of income,105,415,230,50,30,10,0,0,0,0,0
,Saguenay,Total,Spending less than 30% of income,110,2330,4105,6015,6260,6115,5800,4760,4125,3840,16585
,Saguenay,Total,Spending more than 30% of income,1455,4550,2630,1570,1045,400,310,115,65,30,40
,Saguenay,Owner,Spending less than 30% of income,10,365,1295,2580,3185,3980,4185,3700,3455,3405,15720
,Saguenay,Owner,Spending more than 30% of income,290,720,870,970,845,355,265,90,65,30,40
,Saguenay,Renter,Spending less than 30% of income,100,1965,2810,3430,3075,2130,1615,1060,675,430,870
,Saguenay,Renter,Spending more than 30% of income,1165,3830,1760,595,200,40,40,25,0,0,0
,Alma,Total,Spending less than 30% of income,55,800,1380,2415,2285,2075,1825,1730,1680,1175,5505
,Alma,Total,Spending more than 30% of income,545,1550,1125,485,380,155,90,25,30,10,10
,Alma,Owner,Spending less than 30% of income,10,195,495,1170,1220,1390,1350,1370,1450,1080,5195
,Alma,Owner,Spending more than 30% of income,80,300,305,265,300,120,75,15,30,10,0
,Alma,Renter,Spending less than 30% of income,50,605,885,1245,1070,695,475,355,230,95,305
,Alma,Renter,Spending more than 30% of income,465,1250,825,225,85,30,15,10,0,10,0
,Dolbeau-Mistassini,Total,Spending less than 30% of income,25,355,490,780,610,655,540,535,315,400,1160
,Dolbeau-Mistassini,Total,Spending more than 30% of income,110,455,170,110,55,25,10,0,0,0,0
,Dolbeau-Mistassini,Owner,Spending less than 30% of income,0,75,165,460,440,505,455,460,285,345,1125
,Dolbeau-Mistassini,Owner,Spending more than 30% of income,30,70,85,80,50,25,15,0,0,0,0
,Dolbeau-Mistassini,Renter,Spending less than 30% of income,25,285,325,315,175,155,90,80,25,60,35
,Dolbeau-Mistassini,Renter,Spending more than 30% of income,80,385,95,30,10,0,0,0,0,0,0
,Sept-‘les,Total,Spending less than 30% of income,20,280,455,860,875,905,795,640,600,545,3780
,Sept-‘les,Total,Spending more than 30% of income,170,550,410,170,95,45,40,25,10,0,15
,Sept-‘les,Owner,Spending less than 30% of income,0,40,225,380,500,515,530,450,435,435,3485
,Sept-‘les,Owner,Spending more than 30% of income,20,145,80,85,80,45,30,20,10,0,15
,Sept-‘les,Renter,Spending less than 30% of income,20,240,230,480,375,390,265,190,170,115,290
,Sept-‘les,Renter,Spending more than 30% of income,155,400,325,85,20,0,10,0,0,0,0
,Qu_bec,Total,Spending less than 30% of income,405,7540,12890,25740,29040,28540,26830,24290,22510,18965,99315
,Qu_bec,Total,Spending more than 30% of income,6340,18360,16480,9815,5705,3520,1755,905,515,280,470
,Qu_bec,Owner,Spending less than 30% of income,15,1190,4680,9040,12080,14200,15875,16215,16655,15060,90745
,Qu_bec,Owner,Spending more than 30% of income,1145,2775,3440,4255,3420,2555,1395,755,470,270,445
,Qu_bec,Renter,Spending less than 30% of income,385,6345,8210,16700,16960,14345,10950,8070,5855,3900,8570
,Qu_bec,Renter,Spending more than 30% of income,5190,15585,13035,5560,2290,975,355,150,40,10,20
,Sainte-Marie,Total,Spending less than 30% of income,0,105,320,500,465,475,475,510,360,275,1380
,Sainte-Marie,Total,Spending more than 30% of income,40,220,250,75,55,35,25,20,10,0,0
,Sainte-Marie,Owner,Spending less than 30% of income,0,40,160,265,245,300,320,375,315,245,1310
,Sainte-Marie,Owner,Spending more than 30% of income,0,45,90,40,50,25,30,20,10,0,0
,Sainte-Marie,Renter,Spending less than 30% of income,0,65,160,230,220,170,155,135,40,30,75
,Sainte-Marie,Renter,Spending more than 30% of income,40,175,155,40,10,10,0,0,0,0,0
,Saint-Georges,Total,Spending less than 30% of income,0,425,940,1315,1495,1320,930,1075,925,720,2775
,Saint-Georges,Total,Spending more than 30% of income,260,1170,615,275,145,55,20,20,10,10,15
,Saint-Georges,Owner,Spending less than 30% of income,0,95,370,635,800,850,680,860,800,655,2635
,Saint-Georges,Owner,Spending more than 30% of income,60,175,240,160,105,35,20,20,15,10,15
,Saint-Georges,Renter,Spending less than 30% of income,10,330,565,680,700,470,255,220,130,65,145
,Saint-Georges,Renter,Spending more than 30% of income,200,995,375,110,40,25,0,0,0,0,10
,Thetford Mines,Total,Spending less than 30% of income,25,615,1160,1725,1410,1140,1100,805,745,575,1865
,Thetford Mines,Total,Spending more than 30% of income,275,825,525,225,90,75,30,10,15,0,10
,Thetford Mines,Owner,Spending less than 30% of income,0,215,550,1050,985,885,880,710,690,550,1825
,Thetford Mines,Owner,Spending more than 30% of income,55,195,240,155,80,80,30,10,15,0,10
,Thetford Mines,Renter,Spending less than 30% of income,20,400,610,675,425,250,225,95,50,25,40
,Thetford Mines,Renter,Spending more than 30% of income,220,630,285,70,0,0,0,0,0,0,0
,Sherbrooke,Total,Spending less than 30% of income,125,2300,5520,8850,8770,7505,6990,6065,5100,4345,19330
,Sherbrooke,Total,Spending more than 30% of income,2850,7750,4625,2290,1275,720,340,240,100,50,70
,Sherbrooke,Owner,Spending less than 30% of income,25,435,1545,3200,3685,4000,4350,4345,4075,3630,17920
,Sherbrooke,Owner,Spending more than 30% of income,475,1060,1230,1250,940,600,285,210,85,50,65
,Sherbrooke,Renter,Spending less than 30% of income,95,1870,3975,5650,5090,3505,2645,1720,1025,710,1415
,Sherbrooke,Renter,Spending more than 30% of income,2380,6690,3395,1035,335,120,55,35,15,0,0
,Cowansville,Total,Spending less than 30% of income,15,170,480,680,510,505,440,435,270,320,920
,Cowansville,Total,Spending more than 30% of income,155,440,355,130,95,30,15,20,0,0,0
,Cowansville,Owner,Spending less than 30% of income,0,25,145,205,205,265,275,300,215,240,860
,Cowansville,Owner,Spending more than 30% of income,40,50,105,65,80,20,15,20,0,0,0
,Cowansville,Renter,Spending less than 30% of income,10,145,330,475,305,240,165,135,60,80,60
,Cowansville,Renter,Spending more than 30% of income,115,390,255,65,15,10,0,0,0,0,0
,Victoriaville,Total,Spending less than 30% of income,10,665,1460,2410,2150,1850,1665,1605,1205,1060,3785
,Victoriaville,Total,Spending more than 30% of income,530,1590,900,455,185,95,35,25,20,10,20
,Victoriaville,Owner,Spending less than 30% of income,0,200,540,1140,1265,1195,1275,1295,1055,930,3595
,Victoriaville,Owner,Spending more than 30% of income,110,285,315,260,140,70,30,25,15,10,20
,Victoriaville,Renter,Spending less than 30% of income,10,460,925,1275,895,655,395,310,145,130,190
,Victoriaville,Renter,Spending more than 30% of income,425,1310,580,190,50,20,10,0,0,0,0
,Trois-Rivières,Total,Spending less than 30% of income,1130,4155,5380,9235,14190,18045,20655,21205,22115,21715,163460
,Trois-Rivières,Total,Spending more than 30% of income,9980,16835,16995,14685,11585,7845,5720,3050,2025,1390,2545
,Trois-Rivières,Owner,Spending less than 30% of income,10,355,2165,4580,6580,8940,11525,13280,15345,16235,146320
,Trois-Rivières,Owner,Spending more than 30% of income,2340,3565,4740,4565,5100,4675,4100,2450,1780,1275,2450
,Trois-Rivières,Renter,Spending less than 30% of income,1115,3795,3210,4650,7615,9110,9130,7925,6765,5475,17135
,Trois-Rivières,Renter,Spending more than 30% of income,7640,13275,12260,10120,6480,3170,1625,600,240,115,100
,Shawinigan,Total,Spending less than 30% of income,25,1255,2215,2760,2790,2320,1935,1560,1440,1005,3515
,Shawinigan,Total,Spending more than 30% of income,830,2515,1025,585,275,110,55,25,25,0,10
,Shawinigan,Owner,Spending less than 30% of income,10,275,745,1300,1660,1590,1430,1240,1270,900,3315
,Shawinigan,Owner,Spending more than 30% of income,175,370,375,375,225,95,55,25,20,10,10
,Shawinigan,Renter,Spending less than 30% of income,15,985,1475,1460,1130,730,505,315,175,105,200
,Shawinigan,Renter,Spending more than 30% of income,660,2150,655,210,45,15,10,0,0,0,0
,Drummondville,Total,Spending less than 30% of income,50,1230,2735,4460,4255,3750,3290,2835,2275,2090,7325
,Drummondville,Total,Spending more than 30% of income,995,3190,1830,745,445,200,120,75,20,15,30
,Drummondville,Owner,Spending less than 30% of income,10,385,985,1985,2090,2215,2200,2185,1855,1850,6850
,Drummondville,Owner,Spending more than 30% of income,155,505,495,460,370,175,110,75,20,10,25
,Drummondville,Renter,Spending less than 30% of income,45,855,1745,2470,2165,1535,1090,645,420,240,475
,Drummondville,Renter,Spending more than 30% of income,840,2675,1335,285,70,15,0,0,0,0,0
,Granby,Total,Spending less than 30% of income,25,590,1925,3405,3425,3245,2725,2670,2140,1760,7805
,Granby,Total,Spending more than 30% of income,665,2905,1890,1170,515,285,150,50,50,35,35
,Granby,Owner,Spending less than 30% of income,10,215,720,1305,1600,1770,1765,1955,1645,1520,7285
,Granby,Owner,Spending more than 30% of income,190,405,460,545,420,245,130,45,55,35,35
,Granby,Renter,Spending less than 30% of income,20,375,1205,2095,1825,1480,960,715,490,240,525
,Granby,Renter,Spending more than 30% of income,470,2500,1435,625,100,30,20,0,0,0,0
,Saint-Hyacinthe,Total,Spending less than 30% of income,50,640,1705,2590,2670,2340,1910,1885,1390,1225,4795
,Saint-Hyacinthe,Total,Spending more than 30% of income,615,2140,1430,620,395,205,85,40,0,10,35
,Saint-Hyacinthe,Owner,Spending less than 30% of income,0,110,460,850,1045,1135,1060,1295,1070,985,4420
,Saint-Hyacinthe,Owner,Spending more than 30% of income,90,210,310,305,315,180,80,40,10,10,30
,Saint-Hyacinthe,Renter,Spending less than 30% of income,50,530,1245,1745,1625,1200,850,585,320,240,370
,Saint-Hyacinthe,Renter,Spending more than 30% of income,530,1930,1120,320,80,25,10,0,0,0,0
,Sorel-Tracy,Total,Spending less than 30% of income,20,570,1435,2015,1835,1665,1330,1235,1185,830,3790
,Sorel-Tracy,Total,Spending more than 30% of income,485,1595,845,385,170,105,55,30,10,0,10
,Sorel-Tracy,Owner,Spending less than 30% of income,0,170,520,930,1135,1170,995,945,1005,750,3565
,Sorel-Tracy,Owner,Spending more than 30% of income,110,290,300,245,150,85,55,25,10,0,15
,Sorel-Tracy,Renter,Spending less than 30% of income,20,395,910,1085,700,490,335,290,180,85,225
,Sorel-Tracy,Renter,Spending more than 30% of income,375,1300,545,145,20,15,0,0,0,0,0
,Joliette,Total,Spending less than 30% of income,40,625,1160,2160,2180,1700,1620,1480,1220,875,4215
,Joliette,Total,Spending more than 30% of income,495,2035,1430,615,315,170,80,20,10,0,10
,Joliette,Owner,Spending less than 30% of income,0,115,465,840,935,920,1085,1095,975,700,3890
,Joliette,Owner,Spending more than 30% of income,100,185,270,240,225,110,75,15,10,0,0
,Joliette,Renter,Spending less than 30% of income,35,515,700,1315,1245,780,540,390,245,170,325
,Joliette,Renter,Spending more than 30% of income,390,1850,1165,370,95,55,0,0,0,0,0
,Montr_al,Total,Spending less than 30% of income,2160,27315,55750,109340,128870,125825,115805,106955,94260,82170,452060
,Montr_al,Total,Spending more than 30% of income,55980,112175,101720,56335,35950,24920,14485,8400,5215,3050,5185
,Montr_al,Owner,Spending less than 30% of income,60,4235,19355,36430,46710,55610,61210,64670,64160,60585,398085
,Montr_al,Owner,Spending more than 30% of income,8665,17370,23650,24575,23020,18965,12255,7640,4850,2825,4910
,Montr_al,Renter,Spending less than 30% of income,2100,23080,36395,72910,82155,70210,54600,42280,30100,21580,53975
,Montr_al,Renter,Spending more than 30% of income,47320,94810,78070,31760,12930,5960,2230,760,365,230,275
,Salaberry-de-Valleyfield,Total,Spending less than 30% of income,15,450,1105,1715,1705,1495,1390,1165,1035,810,3275
,Salaberry-de-Valleyfield,Total,Spending more than 30% of income,475,1670,1130,505,315,170,65,35,10,25,15
,Salaberry-de-Valleyfield,Owner,Spending less than 30% of income,0,65,400,655,880,845,945,855,860,680,3050
,Salaberry-de-Valleyfield,Owner,Spending more than 30% of income,55,220,305,295,250,140,65,40,10,20,20
,Salaberry-de-Valleyfield,Renter,Spending less than 30% of income,15,380,705,1060,825,650,450,310,175,130,230
,Salaberry-de-Valleyfield,Renter,Spending more than 30% of income,420,1450,830,210,60,30,0,0,0,0,0
,Lachute,Total,Spending less than 30% of income,15,275,435,525,630,390,410,405,285,240,805
,Lachute,Total,Spending more than 30% of income,165,565,480,175,125,30,15,0,0,0,10
,Lachute,Owner,Spending less than 30% of income,0,80,125,195,255,225,290,290,250,185,745
,Lachute,Owner,Spending more than 30% of income,25,70,115,95,110,20,10,10,0,0,0
,Lachute,Renter,Spending less than 30% of income,15,190,310,325,375,165,120,115,35,55,60
,Lachute,Renter,Spending more than 30% of income,145,495,365,85,15,0,0,0,0,0,0
,Val-d'Or,Total,Spending less than 30% of income,0,405,840,1230,1115,1000,875,905,780,665,4375
,Val-d'Or,Total,Spending more than 30% of income,300,785,590,285,200,80,55,25,15,10,15
,Val-d'Or,Owner,Spending less than 30% of income,0,95,300,500,480,530,580,660,590,515,4065
,Val-d'Or,Owner,Spending more than 30% of income,85,135,145,170,175,60,45,20,0,10,15
,Val-d'Or,Renter,Spending less than 30% of income,10,310,540,730,635,470,290,245,190,145,310
,Val-d'Or,Renter,Spending more than 30% of income,210,650,440,110,30,20,10,0,10,0,0
,Rouyn-Noranda,Total,Spending less than 30% of income,15,590,980,1485,1565,1355,1120,1230,1055,920,5330
,Rouyn-Noranda,Total,Spending more than 30% of income,445,1170,740,320,215,105,70,252,15,10,10
,Rouyn-Noranda,Owner,Spending less than 30% of income,0,205,345,630,720,810,750,910,835,770,4900
,Rouyn-Noranda,Owner,Spending more than 30% of income,65,200,200,175,175,80,70,25,15,10,10
,Rouyn-Noranda,Renter,Spending less than 30% of income,10,380,640,865,855,545,365,320,225,150,430
,Rouyn-Noranda,Renter,Spending more than 30% of income,380,970,540,140,40,25,0,0,0,0,0
,Cornwall,Total,Spending less than 30% of income,55,405,1345,1985,2100,1965,1925,1735,1315,1220,4790
,Cornwall,Total,Spending more than 30% of income,585,2365,2030,1175,500,270,95,55,30,10,10
,Cornwall,Owner,Spending less than 30% of income,0,100,725,995,1190,1275,1385,1435,1055,1065,4470
,Cornwall,Owner,Spending more than 30% of income,110,335,565,485,355,185,75,40,25,10,10
,Cornwall,Renter,Spending less than 30% of income,55,310,620,990,915,695,545,305,255,150,320
,Cornwall,Renter,Spending more than 30% of income,470,2030,1465,690,140,80,15,15,0,0,0
,Hawkesbury,Total,Spending less than 30% of income,0,100,320,520,525,415,405,300,255,210,775
,Hawkesbury,Total,Spending more than 30% of income,165,805,515,270,110,40,10,0,0,0,0
,Hawkesbury,Owner,Spending less than 30% of income,0,35,125,230,290,270,235,245,180,175,690
,Hawkesbury,Owner,Spending more than 30% of income,35,115,125,95,80,40,10,0,0,0,0
,Hawkesbury,Renter,Spending less than 30% of income,10,65,195,290,230,150,170,55,65,35,85
,Hawkesbury,Renter,Spending more than 30% of income,125,690,390,180,30,0,0,0,0,0,0
,Ottawa - Gatineau,Total,Spending less than 30% of income,1275,6425,9250,16600,23400,27680,30685,30445,30730,29405,207555
,Ottawa - Gatineau,Total,Spending more than 30% of income,13430,23705,23690,18560,14330,9620,6735,3490,2315,1505,2755
,Ottawa - Gatineau,Owner,Spending less than 30% of income,30,840,3710,7530,10645,14180,18030,20025,22235,22655,187500
,Ottawa - Gatineau,Owner,Spending more than 30% of income,3085,5040,6285,6370,6865,6095,4985,2850,2065,1380,2650
,Ottawa - Gatineau,Renter,Spending less than 30% of income,1245,5580,5540,9075,12755,13500,12655,10420,8500,6750,20050
,Ottawa - Gatineau,Renter,Spending more than 30% of income,10345,18665,17405,12190,7460,3525,1750,640,250,125,100
,Arnprior,Total,Spending less than 30% of income,15,150,215,360,405,430,500,500,350,395,1985
,Arnprior,Total,Spending more than 30% of income,105,325,330,205,175,80,65,30,10,20,25
,Arnprior,Owner,Spending less than 30% of income,0,35,125,225,275,305,380,400,300,350,1860
,Arnprior,Owner,Spending more than 30% of income,35,120,100,115,125,70,60,30,0,20,25
,Arnprior,Renter,Spending less than 30% of income,15,115,85,135,130,130,120,100,55,45,130
,Arnprior,Renter,Spending more than 30% of income,65,205,225,85,50,15,10,0,0,0,0
,Carleton Place,Total,Spending less than 30% of income,30,70,200,405,510,645,750,845,720,750,4800
,Carleton Place,Total,Spending more than 30% of income,190,465,510,355,320,285,150,95,30,50,70
,Carleton Place,Owner,Spending less than 30% of income,0,10,150,285,345,505,580,705,640,710,4605
,Carleton Place,Owner,Spending more than 30% of income,115,200,200,165,205,210,130,90,30,45,75
,Carleton Place,Renter,Spending less than 30% of income,35,65,50,120,165,140,160,140,80,40,190
,Carleton Place,Renter,Spending more than 30% of income,75,265,310,190,115,80,20,10,0,0,0
,Brockville,Total,Spending less than 30% of income,50,195,545,945,1245,1195,1225,1065,985,800,4175
,Brockville,Total,Spending more than 30% of income,300,1170,1100,775,390,230,105,60,35,30,25
,Brockville,Owner,Spending less than 30% of income,0,90,330,580,805,890,915,840,855,730,3935
,Brockville,Owner,Spending more than 30% of income,110,245,300,385,210,175,85,55,30,30,25
,Brockville,Renter,Spending less than 30% of income,50,105,215,370,440,305,310,225,135,70,240
,Brockville,Renter,Spending more than 30% of income,190,920,795,390,175,55,20,10,0,0,0
,Pembroke,Total,Spending less than 30% of income,30,210,345,500,645,595,710,690,535,495,2470
,Pembroke,Total,Spending more than 30% of income,195,650,715,350,330,190,85,50,20,15,10
,Pembroke,Owner,Spending less than 30% of income,0,45,185,320,410,400,565,570,450,435,2375
,Pembroke,Owner,Spending more than 30% of income,65,140,190,155,225,150,75,50,20,15,10
,Pembroke,Renter,Spending less than 30% of income,30,170,155,185,240,195,145,120,85,55,100
,Pembroke,Renter,Spending more than 30% of income,135,505,525,195,105,40,10,0,0,0,0
,Petawawa,Total,Spending less than 30% of income,0,0,105,120,170,310,705,665,620,450,2435
,Petawawa,Total,Spending more than 30% of income,35,140,165,125,90,45,70,35,15,10,10
,Petawawa,Owner,Spending less than 30% of income,0,0,85,100,110,140,270,360,370,305,1965
,Petawawa,Owner,Spending more than 30% of income,25,25,60,65,65,30,65,35,15,10,10
,Petawawa,Renter,Spending less than 30% of income,0,0,20,25,60,170,430,305,250,145,470
,Petawawa,Renter,Spending more than 30% of income,10,115,100,60,25,20,0,0,0,0,0
,Kingston,Total,Spending less than 30% of income,190,665,1375,2500,3550,4145,4180,4050,4355,3855,21025
,Kingston,Total,Spending more than 30% of income,1545,3770,4250,2885,1950,1315,870,355,290,150,175
,Kingston,Owner,Spending less than 30% of income,0,90,700,1370,1885,2450,2685,2915,3310,3140,19280
,Kingston,Owner,Spending more than 30% of income,395,810,1030,855,955,755,650,285,250,145,150
,Kingston,Renter,Spending less than 30% of income,185,570,675,1125,1670,1705,1500,1140,1045,715,1745
,Kingston,Renter,Spending more than 30% of income,1150,2960,3215,2030,995,560,220,75,45,0,25
,Belleville,Total,Spending less than 30% of income,135,515,1200,2235,2785,3270,3375,3045,2690,2240,10520
,Belleville,Total,Spending more than 30% of income,635,2505,2880,1900,1170,695,280,185,75,50,60
,Belleville,Owner,Spending less than 30% of income,0,140,730,1375,1670,2140,2475,2370,2190,2020,9905
,Belleville,Owner,Spending more than 30% of income,260,660,790,770,675,485,245,170,65,45,60
,Belleville,Renter,Spending less than 30% of income,135,375,475,860,1115,1125,905,675,500,220,615
,Belleville,Renter,Spending more than 30% of income,370,1845,2090,1135,495,210,40,10,10,10,0
,Cobourg,Total,Spending less than 30% of income,0,110,220,440,515,670,615,550,540,465,2225
,Cobourg,Total,Spending more than 30% of income,130,470,565,460,275,150,100,50,35,0,35
,Cobourg,Owner,Spending less than 30% of income,0,20,125,295,320,500,440,480,410,410,2080
,Cobourg,Owner,Spending more than 30% of income,55,125,160,180,165,100,90,40,30,0,35
,Cobourg,Renter,Spending less than 30% of income,0,90,85,150,190,170,170,75,135,55,150
,Cobourg,Renter,Spending more than 30% of income,75,350,405,275,115,50,15,10,0,0,0
,Port Hope,Total,Spending less than 30% of income,20,50,165,320,375,440,475,410,460,440,2130
,Port Hope,Total,Spending more than 30% of income,100,380,385,260,175,145,100,60,15,15,40
,Port Hope,Owner,Spending less than 30% of income,10,20,85,215,250,350,390,365,415,395,2020
,Port Hope,Owner,Spending more than 30% of income,50,135,145,125,125,125,80,55,15,15,40
,Port Hope,Renter,Spending less than 30% of income,15,30,85,100,120,85,90,45,45,45,105
,Port Hope,Renter,Spending more than 30% of income,55,245,235,130,40,20,20,10,0,0,0
,Peterborough,Total,Spending less than 30% of income,30,655,1470,2420,2990,3035,3330,3180,2865,2510,13535
,Peterborough,Total,Spending more than 30% of income,1120,2970,3190,2325,1550,960,555,275,160,75,120
,Peterborough,Owner,Spending less than 30% of income,0,150,900,1495,1920,2125,2475,2590,2400,2240,12785
,Peterborough,Owner,Spending more than 30% of income,330,755,865,955,975,695,470,235,145,70,120
,Peterborough,Renter,Spending less than 30% of income,30,505,565,925,1070,915,850,590,465,270,755
,Peterborough,Renter,Spending more than 30% of income,785,2215,2325,1375,575,260,85,35,15,0,0
,Kawartha Lakes,Total,Spending less than 30% of income,95,385,925,1510,1885,2005,2215,2155,1920,1530,8315
,Kawartha Lakes,Total,Spending more than 30% of income,570,1455,1660,1330,875,570,295,180,70,35,70
,Kawartha Lakes,Owner,Spending less than 30% of income,15,150,725,1265,1550,1715,1880,1950,1745,1395,8005
,Kawartha Lakes,Owner,Spending more than 30% of income,325,620,965,690,680,485,260,170,65,35,70
,Kawartha Lakes,Renter,Spending less than 30% of income,85,235,200,250,340,290,335,200,175,135,315
,Kawartha Lakes,Renter,Spending more than 30% of income,250,835,695,635,200,85,35,10,0,0,0
,Centre Wellington,Total,Spending less than 30% of income,10,60,195,425,510,585,645,645,595,680,4130
,Centre Wellington,Total,Spending more than 30% of income,170,255,375,340,275,210,120,65,80,20,100
,Centre Wellington,Owner,Spending less than 30% of income,0,15,160,345,355,425,485,500,525,70,95
,Centre Wellington,Owner,Spending more than 30% of income,105,60,155,175,195,150,110,60,75,10,0
,Centre Wellington,Renter,Spending less than 30% of income,10,45,35,80,155,165,160,150,590,3940,195
,Centre Wellington,Renter,Spending more than 30% of income,65,195,220,165,80,60,10,10,25,100,0
,Oshawa,Total,Spending less than 30% of income,150,955,1945,3530,5420,6515,7035,7175,7720,7705,56055
,Oshawa,Total,Spending more than 30% of income,2015,5165,6425,5445,4420,3545,2525,1775,1250,615,1155
,Oshawa,Owner,Spending less than 30% of income,0,140,1030,2365,3470,4310,5155,5630,6410,6680,53140
,Oshawa,Owner,Spending more than 30% of income,840,1545,2405,2440,2815,2750,2150,1555,1165,580,1150
,Oshawa,Renter,Spending less than 30% of income,150,820,915,1165,1950,2210,1880,1545,1305,1025,2915
,Oshawa,Renter,Spending more than 30% of income,1175,3625,4020,3000,1605,790,380,220,85,35,10
,Ingersoll,Total,Spending less than 30% of income,0,85,270,415,475,350,360,235,215,185,665
,Ingersoll,Total,Spending more than 30% of income,135,740,450,245,85,35,15,0,0,0,0
,Ingersoll,Owner,Spending less than 30% of income,0,30,105,185,260,210,205,195,160,145,590
,Ingersoll,Owner,Spending more than 30% of income,30,110,100,80,55,35,10,0,0,0,0
,Ingersoll,Renter,Spending less than 30% of income,0,55,165,225,210,135,150,45,55,40,75
,Ingersoll,Renter,Spending more than 30% of income,105,635,350,170,25,0,0,0,0,0,0
,Toronto,Total,Spending less than 30% of income,5345,19865,30620,50645,70970,84125,92505,95035,96825,95850,776710
,Toronto,Total,Spending more than 30% of income,69775,107000,117870,104675,84565,65950,49290,36075,25335,17455,34350
,Toronto,Owner,Spending less than 30% of income,55,1685,14810,31065,37445,42755,49450,56110,63605,68665,673475
,Toronto,Owner,Spending more than 30% of income,23080,33400,48080,45290,44835,43515,38075,30430,22610,16080,32505
,Toronto,Renter,Spending less than 30% of income,5295,18180,15810,19575,33525,41375,43060,38920,33225,27190,103235
,Toronto,Renter,Spending more than 30% of income,46695,73600,69795,59390,39730,22440,11215,5650,2730,1375,1845
,Hamilton,Total,Spending less than 30% of income,550,2670,6680,11665,15175,16050,16070,16210,15650,14850,103050
,Hamilton,Total,Spending more than 30% of income,6520,14565,16490,11295,7975,5900,4070,2430,1505,1045,1960
,Hamilton,Owner,Spending less than 30% of income,10,460,3840,6490,8460,9640,10845,11785,12115,12170,95275
,Hamilton,Owner,Spending more than 30% of income,2085,3555,5605,4745,4755,4160,3175,2120,1415,995,1920
,Hamilton,Renter,Spending less than 30% of income,540,2205,2835,5180,6715,6415,5225,4420,3525,2675,7775
,Hamilton,Renter,Spending more than 30% of income,4435,11010,10885,6550,3220,1745,895,310,90,50,40
,St. Catharines - Niagara,Total,Spending less than 30% of income,285,1980,5585,9080,11675,12125,11550,10725,9780,8620,43345
,St. Catharines - Niagara,Total,Spending more than 30% of income,3790,10065,10480,7415,4535,2650,1615,750,505,275,480
,St. Catharines - Niagara,Owner,Spending less than 30% of income,20,540,3645,5770,7730,8745,8895,8830,8425,7690,40970
,St. Catharines - Niagara,Owner,Spending more than 30% of income,1455,2985,3940,3675,2935,2100,1410,700,475,280,470
,St. Catharines - Niagara,Renter,Spending less than 30% of income,260,1435,1940,3305,3945,3380,2660,1905,1355,930,2380
,St. Catharines - Niagara,Renter,Spending more than 30% of income,2340,7080,6535,3735,1605,550,205,50,30,0,15
,Kitchener,Total,Spending less than 30% of income,300,1495,3930,7520,10250,11265,11765,12335,11740,11435,70610
,Kitchener,Total,Spending more than 30% of income,4550,8765,9965,7870,5615,4045,2395,1565,725,510,985
,Kitchener,Owner,Spending less than 30% of income,0,330,2240,4070,5130,6005,7265,8250,8575,9150,64620
,Kitchener,Owner,Spending more than 30% of income,1215,2070,2650,2745,3005,2750,1900,1400,655,485,945
,Kitchener,Renter,Spending less than 30% of income,300,1165,1685,3455,5120,5265,4500,4080,3170,2285,5990
,Kitchener,Renter,Spending more than 30% of income,3340,6690,7315,5125,2615,1300,495,165,65,20,45
,Brantford,Total,Spending less than 30% of income,60,570,1600,2670,3260,3380,3400,3320,3130,2965,15485
,Brantford,Total,Spending more than 30% of income,845,2635,3170,2135,1425,835,465,265,135,80,115
,Brantford,Owner,Spending less than 30% of income,0,175,1040,1625,2005,2210,2465,2640,2640,2605,14525
,Brantford,Owner,Spending more than 30% of income,345,705,1065,895,890,645,405,250,135,80,115
,Brantford,Renter,Spending less than 30% of income,55,395,560,1045,1250,1170,940,680,490,360,960
,Brantford,Renter,Spending more than 30% of income,500,1930,2100,1240,530,195,60,15,0,0,0
,Tillsonburg,Total,Spending less than 30% of income,25,100,235,525,660,560,575,575,360,330,1555
,Tillsonburg,Total,Spending more than 30% of income,115,450,480,275,130,75,40,20,10,10,10
,Tillsonburg,Owner,Spending less than 30% of income,0,35,155,345,415,390,445,450,310,305,1480
,Tillsonburg,Owner,Spending more than 30% of income,50,100,125,140,85,75,15,20,10,10,10
,Tillsonburg,Renter,Spending less than 30% of income,25,65,80,185,255,170,130,125,45,30,75
,Tillsonburg,Renter,Spending more than 30% of income,65,355,360,140,45,0,25,0,0,0,0
,Norfolk,Total,Spending less than 30% of income,35,370,930,1530,1780,1910,1820,1830,1540,1430,6855
,Norfolk,Total,Spending more than 30% of income,355,1265,1230,895,580,280,210,110,50,60,65
,Norfolk,Owner,Spending less than 30% of income,0,215,710,1125,1340,1450,1470,1550,1395,1250,6530
,Norfolk,Owner,Spending more than 30% of income,175,515,580,530,450,220,200,100,55,55,65
,Norfolk,Renter,Spending less than 30% of income,40,155,210,405,440,455,350,285,145,180,320
,Norfolk,Renter,Spending more than 30% of income,185,750,645,365,135,60,10,10,0,0,0
,Guelph,Total,Spending less than 30% of income,150,680,1145,1785,2645,3175,3510,3045,3275,3215,22525
,Guelph,Total,Spending more than 30% of income,1170,2400,2740,2240,1680,1290,785,545,350,275,350
,Guelph,Owner,Spending less than 30% of income,0,60,640,1040,1390,1660,2165,2045,2420,2570,20700
,Guelph,Owner,Spending more than 30% of income,370,665,890,890,890,870,670,500,305,260,345
,Guelph,Renter,Spending less than 30% of income,150,615,505,745,1250,1515,1350,1005,855,650,1825
,Guelph,Renter,Spending more than 30% of income,800,1735,1855,1350,790,420,120,45,45,20,0
,Stratford,Total,Spending less than 30% of income,60,285,385,695,920,1085,1010,995,815,660,160
,Stratford,Total,Spending more than 30% of income,210,730,885,520,385,210,95,35,15,15,0
,Stratford,Owner,Spending less than 30% of income,0,50,270,350,525,630,665,730,700,575,125
,Stratford,Owner,Spending more than 30% of income,80,125,305,200,230,150,85,35,30,30,0
,Stratford,Renter,Spending less than 30% of income,60,235,115,345,400,460,350,270,3720,3475,240
,Stratford,Renter,Spending more than 30% of income,130,600,580,315,160,60,15,0,20,25,0
,London,Total,Spending less than 30% of income,755,2290,5390,10430,13380,14305,13445,12730,11870,10560,57310
,London,Total,Spending more than 30% of income,6880,12735,12845,8250,5175,2800,1480,900,430,330,565
,London,Owner,Spending less than 30% of income,20,515,2705,4870,6750,8500,8870,9195,9235,8785,52815
,London,Owner,Spending more than 30% of income,1580,2585,3120,3145,3015,1920,1160,785,370,320,520
,London,Renter,Spending less than 30% of income,740,1780,2685,5560,6625,5800,4570,3530,2635,1775,4495
,London,Renter,Spending more than 30% of income,5300,10150,9720,5110,2165,885,325,120,60,10,45
,Chatham-Kent,Total,Spending less than 30% of income,135,785,1850,3325,3785,3425,2980,2830,2490,1930,9235
,Chatham-Kent,Total,Spending more than 30% of income,885,2790,2435,1275,680,320,145,60,45,35,65
,Chatham-Kent,Owner,Spending less than 30% of income,10,270,1200,1975,2565,2355,2435,2335,2145,1730,8855
,Chatham-Kent,Owner,Spending more than 30% of income,365,740,895,690,510,265,135,55,45,30,65
,Chatham-Kent,Renter,Spending less than 30% of income,135,515,655,1350,1220,1080,545,500,340,195,380
,Chatham-Kent,Renter,Spending more than 30% of income,515,2055,1540,580,175,50,20,10,0,0,0
,Leamington,Total,Spending less than 30% of income,45,185,510,1030,1245,1405,1475,1455,1110,890,4975
,Leamington,Total,Spending more than 30% of income,270,705,880,590,325,180,125,45,50,20,40
,Leamington,Owner,Spending less than 30% of income,0,95,365,665,835,1050,1070,1160,945,820,4695
,Leamington,Owner,Spending more than 30% of income,90,190,255,320,245,175,120,40,45,25,35
,Leamington,Renter,Spending less than 30% of income,40,95,145,365,415,360,405,295,170,70,280
,Leamington,Renter,Spending more than 30% of income,175,510,625,265,80,10,0,0,10,0,0
,Windsor,Total,Spending less than 30% of income,445,1925,4540,7335,9610,9215,8570,8250,7590,6755,39115
,Windsor,Total,Spending more than 30% of income,4265,8160,6615,4260,2495,1540,670,350,225,120,280
,Windsor,Owner,Spending less than 30% of income,15,470,2370,4080,6025,6600,6555,6645,6465,6045,37275
,Windsor,Owner,Spending more than 30% of income,1195,1975,2425,2175,1720,1215,535,310,215,120,270
,Windsor,Renter,Spending less than 30% of income,430,1450,2175,3260,3585,2615,2015,1600,1130,715,1840
,Windsor,Renter,Spending more than 30% of income,3065,6180,4195,2085,770,325,135,45,15,0,15
,Sarnia,Total,Spending less than 30% of income,150,445,1220,2085,2720,2890,2830,2590,2345,2160,13265
,Sarnia,Total,Spending more than 30% of income,795,2570,2120,1450,610,325,195,115,75,55,80
,Sarnia,Owner,Spending less than 30% of income,10,140,765,1185,1805,1995,2180,2120,2015,1880,12425
,Sarnia,Owner,Spending more than 30% of income,185,600,615,620,380,185,135,95,70,55,80
,Sarnia,Renter,Spending less than 30% of income,145,310,455,905,910,895,650,465,340,285,845
,Sarnia,Renter,Spending more than 30% of income,610,1970,1500,825,225,135,60,25,0,0,0
,Wasaga Beach,Total,Spending less than 30% of income,0,60,395,665,680,700,705,625,565,430,2105
,Wasaga Beach,Total,Spending more than 30% of income,155,355,390,355,340,170,135,45,35,45,20
,Wasaga Beach,Owner,Spending less than 30% of income,0,30,355,600,645,615,645,575,495,390,2025
,Wasaga Beach,Owner,Spending more than 30% of income,100,195,275,255,240,110,120,45,30,45,20
,Wasaga Beach,Renter,Spending less than 30% of income,0,30,35,65,40,90,65,60,65,45,80
,Wasaga Beach,Renter,Spending more than 30% of income,55,160,115,100,100,65,10,0,0,0,0
,Owen Sound,Total,Spending less than 30% of income,60,250,375,725,1140,1405,1045,1195,1160,1045,4785
,Owen Sound,Total,Spending more than 30% of income,315,845,970,745,500,240,130,80,50,20,40
,Owen Sound,Owner,Spending less than 30% of income,0,65,255,400,715,855,720,900,955,855,4310
,Owen Sound,Owner,Spending more than 30% of income,95,140,240,240,240,185,110,75,50,20,40
,Owen Sound,Renter,Spending less than 30% of income,55,190,120,320,430,550,325,290,210,190,470
,Owen Sound,Renter,Spending more than 30% of income,220,705,730,505,265,55,25,10,10,0,0
,Collingwood,Total,Spending less than 30% of income,15,55,235,340,515,535,635,645,520,450,2560
,Collingwood,Total,Spending more than 30% of income,210,575,695,565,400,250,175,55,55,20,35
,Collingwood,Owner,Spending less than 30% of income,0,20,200,230,330,380,485,510,430,400,2395
,Collingwood,Owner,Spending more than 30% of income,115,235,325,315,245,165,135,40,55,20,20
,Collingwood,Renter,Spending less than 30% of income,15,35,35,110,190,160,155,135,90,55,165
,Collingwood,Renter,Spending more than 30% of income,100,345,365,250,150,85,40,10,10,0,10
,Barrie,Total,Spending less than 30% of income,65,510,1150,1955,2505,3315,3765,4015,4095,4185,26915
,Barrie,Total,Spending more than 30% of income,1280,2640,3555,3385,3030,2170,1530,850,565,270,490
,Barrie,Owner,Spending less than 30% of income,0,155,760,1410,1755,2350,2630,2945,3300,3510,24980
,Barrie,Owner,Spending more than 30% of income,640,1050,1505,1525,1780,1515,1235,695,500,260,465
,Barrie,Renter,Spending less than 30% of income,60,355,395,540,750,960,1135,1075,800,675,1935
,Barrie,Renter,Spending more than 30% of income,635,1590,2050,1860,1245,660,300,155,70,15,25
,Orillia,Total,Spending less than 30% of income,40,180,485,700,935,1000,850,835,770,595,2860
,Orillia,Total,Spending more than 30% of income,270,1130,1015,780,470,300,145,60,20,20,15
,Orillia,Owner,Spending less than 30% of income,0,70,255,395,485,660,590,585,640,480,2605
,Orillia,Owner,Spending more than 30% of income,95,250,250,325,215,215,125,45,20,15,15
,Orillia,Renter,Spending less than 30% of income,45,105,220,315,455,340,255,245,125,105,260
,Orillia,Renter,Spending more than 30% of income,170,880,770,460,250,90,15,10,0,0,0
,Midland,Total,Spending less than 30% of income,40,200,520,975,1120,1105,1040,985,850,785,3330
,Midland,Total,Spending more than 30% of income,305,975,980,780,415,370,160,100,40,10,20
,Midland,Owner,Spending less than 30% of income,0,40,390,670,785,835,795,830,735,730,3145
,Midland,Owner,Spending more than 30% of income,150,245,365,440,280,300,120,80,35,10,15
,Midland,Renter,Spending less than 30% of income,40,155,125,300,340,265,250,150,115,50,185
,Midland,Renter,Spending more than 30% of income,155,725,610,335,130,65,40,20,10,0,0
,North Bay,Total,Spending less than 30% of income,75,380,945,1445,1765,2040,2025,1950,1710,1635,8175
,North Bay,Total,Spending more than 30% of income,620,2085,1875,1515,830,390,240,90,60,10,130
,North Bay,Owner,Spending less than 30% of income,0,95,520,830,965,1310,1400,1455,1410,1420,7690
,North Bay,Owner,Spending more than 30% of income,175,425,610,705,525,325,180,80,55,10,130
,North Bay,Renter,Spending less than 30% of income,75,285,420,620,800,735,620,495,300,210,480
,North Bay,Renter,Spending more than 30% of income,445,1665,1265,805,305,65,60,15,10,0,0
,Greater Sudbury,Total,Spending less than 30% of income,335,1145,1980,3340,4340,4400,4525,3900,3935,3595,23525
,Greater Sudbury,Total,Spending more than 30% of income,1375,4015,3740,2310,1435,900,490,295,175,95,225
,Greater Sudbury,Owner,Spending less than 30% of income,10,185,950,1645,2315,2515,2925,2875,3000,2940,21595
,Greater Sudbury,Owner,Spending more than 30% of income,370,710,915,790,780,665,380,270,155,95,220
,Greater Sudbury,Renter,Spending less than 30% of income,330,960,1030,1695,2025,1885,1600,1025,935,650,1930
,Greater Sudbury,Renter,Spending more than 30% of income,1005,3305,2830,1525,660,235,105,25,15,10,0
,Elliot Lake,Total,Spending less than 30% of income,30,115,430,635,645,400,360,285,210,140,805
,Elliot Lake,Total,Spending more than 30% of income,80,545,525,205,50,25,15,10,10,0,0
,Elliot Lake,Owner,Spending less than 30% of income,0,45,260,400,425,265,280,245,185,120,735
,Elliot Lake,Owner,Spending more than 30% of income,45,145,130,85,30,20,15,0,0,0,0
,Elliot Lake,Renter,Spending less than 30% of income,30,70,170,240,220,140,85,35,30,25,70
,Elliot Lake,Renter,Spending more than 30% of income,35,395,390,115,20,10,0,0,0,0,0
,Timmins,Total,Spending less than 30% of income,15,290,560,895,1080,1055,855,910,975,830,6355
,Timmins,Total,Spending more than 30% of income,260,1020,1110,615,350,220,100,80,60,15,50
,Timmins,Owner,Spending less than 30% of income,0,35,270,460,615,655,580,675,760,680,5800
,Timmins,Owner,Spending more than 30% of income,80,190,325,265,220,160,85,75,60,10,50
,Timmins,Renter,Spending less than 30% of income,10,250,290,435,465,400,275,235,220,150,555
,Timmins,Renter,Spending more than 30% of income,185,825,785,350,135,60,15,10,0,0,0
,Sault Ste. Marie,Total,Spending less than 30% of income,150,670,1515,2285,2720,2360,2250,2160,1860,1660,9315
,Sault Ste. Marie,Total,Spending more than 30% of income,635,2200,2150,975,570,260,110,75,55,20,55
,Sault Ste. Marie,Owner,Spending less than 30% of income,0,125,755,1320,1850,1735,1705,1850,1575,1510,8880
,Sault Ste. Marie,Owner,Spending more than 30% of income,155,485,565,430,345,190,70,65,50,15,55
,Sault Ste. Marie,Renter,Spending less than 30% of income,150,545,760,970,875,630,545,315,280,150,435
,Sault Ste. Marie,Renter,Spending more than 30% of income,485,1720,1585,545,220,70,35,10,0,0,0
,Thunder Bay,Total,Spending less than 30% of income,190,1085,1875,2940,3375,3880,3450,3265,3085,2820,16040
,Thunder Bay,Total,Spending more than 30% of income,1030,2795,2585,1565,975,450,260,160,90,65,80
,Thunder Bay,Owner,Spending less than 30% of income,0,180,1095,1840,2260,2870,2585,2650,2600,2490,15025
,Thunder Bay,Owner,Spending more than 30% of income,350,620,795,560,610,315,185,150,80,70,80
,Thunder Bay,Renter,Spending less than 30% of income,190,910,780,1100,1110,1015,865,615,485,325,1015
,Thunder Bay,Renter,Spending more than 30% of income,680,2175,1790,1000,365,140,75,15,15,0,0
,Kenora,Total,Spending less than 30% of income,35,55,180,295,370,440,495,435,385,385,2115
,Kenora,Total,Spending more than 30% of income,65,360,340,235,95,55,45,20,15,15,20
,Kenora,Owner,Spending less than 30% of income,0,15,110,190,225,310,340,355,330,335,2030
,Kenora,Owner,Spending more than 30% of income,40,115,135,90,50,45,40,20,15,10,20
,Kenora,Renter,Spending less than 30% of income,35,45,65,100,140,135,155,80,50,50,90
,Kenora,Renter,Spending more than 30% of income,30,250,210,145,35,15,0,0,0,0,0
,Winnipeg,Total,Spending less than 30% of income,380,4195,9390,14555,19335,20705,21030,19885,19070,16820,95390
,Winnipeg,Total,Spending more than 30% of income,9435,13070,14020,11055,6575,4175,2505,1265,840,430,690
,Winnipeg,Owner,Spending less than 30% of income,55,1225,4765,7520,10090,12260,13800,14395,14845,13785,87835
,Winnipeg,Owner,Spending more than 30% of income,2195,3095,3665,4225,3680,2865,2020,1115,755,420,665
,Winnipeg,Renter,Spending less than 30% of income,325,2970,4625,7030,9250,8450,7235,5485,4220,3040,7555
,Winnipeg,Renter,Spending more than 30% of income,7235,9980,10355,6830,2885,1315,485,150,80,0,25
,Brandon,Total,Spending less than 30% of income,50,345,825,1415,1645,1610,1780,1610,1565,1395,6790
,Brandon,Total,Spending more than 30% of income,535,990,965,755,455,285,135,75,25,20,45
,Brandon,Owner,Spending less than 30% of income,10,120,385,680,795,925,1105,1085,1165,1075,6000
,Brandon,Owner,Spending more than 30% of income,125,185,190,255,235,205,120,75,25,15,45
,Brandon,Renter,Spending less than 30% of income,40,230,440,735,850,685,670,525,395,320,790
,Brandon,Renter,Spending more than 30% of income,410,805,775,500,215,75,15,0,0,0,0
,Thompson,Total,Spending less than 30% of income,10,30,85,215,280,270,265,200,295,240,2635
,Thompson,Total,Spending more than 30% of income,70,110,185,120,55,65,25,10,0,0,10
,Thompson,Owner,Spending less than 30% of income,0,10,30,55,80,80,110,95,155,140,1815
,Thompson,Owner,Spending more than 30% of income,0,0,5,10,5,20,15,10,10,0,0
,Thompson,Renter,Spending less than 30% of income,10,15,55,160,200,190,150,105,150,110,555
,Thompson,Renter,Spending more than 30% of income,70,100,175,100,50,40,10,0,0,0,0
,Edmonton,Total,Spending less than 30% of income,245,1965,7730,11045,15980,20755,23690,24680,25660,25700,230355
,Edmonton,Total,Spending more than 30% of income,8690,14575,21040,16255,13645,10960,8150,5635,3550,2335,3955
,Edmonton,Owner,Spending less than 30% of income,10,530,5310,7715,9505,11560,13255,14950,16665,18125,196745
,Edmonton,Owner,Spending more than 30% of income,2930,4510,6920,5600,6370,6410,5980,4485,3090,2110,3755
,Edmonton,Renter,Spending less than 30% of income,235,1440,2420,3355,6475,9200,10435,9730,8995,7575,33610
,Edmonton,Renter,Spending more than 30% of income,5755,10065,14120,10655,7280,4545,2170,1150,460,255,195
,Vancouver,Total,Spending less than 30% of income,985,9305,21550,32565,41510,46690,48530,47620,45205,42240,312220
,Vancouver,Total,Spending more than 30% of income,40295,57555,49380,40045,31110,22450,17215,12365,9050,6830,18650
,Vancouver,Owner,Spending less than 30% of income,95,3740,14435,20215,22625,25045,27015,28360,28970,28380,253660
,Vancouver,Owner,Spending more than 30% of income,15950,18625,18390,17585,16595,14520,12390,9535,7655,6015,17175
,Vancouver,Renter,Spending less than 30% of income,885,5570,7120,12350,18890,21645,21515,19260,16235,13855,58560
,Vancouver,Renter,Spending more than 30% of income,24345,38930,30990,22450,14520,7935,4820,2825,1400,815,1475
,Victoria,Total,Spending less than 30% of income,120,1360,3820,6345,8860,9658,9100,9250,8435,7700,49520
,Victoria,Total,Spending more than 30% of income,4930,9510,9045,6500,4535,3035,2260,1700,1290,975,1780
,Victoria,Owner,Spending less than 30% of income,20,645,2510,3710,4390,5210,5205,5735,5425,5570,42215
,Victoria,Owner,Spending more than 30% of income,1445,1980,2240,2215,2295,1970,1660,1400,1110,920,1650
,Victoria,Renter,Spending less than 30% of income,100,715,1315,2640,4475,4475,3890,3515,3010,2135,7305
,Victoria,Renter,Spending more than 30% of income,3480,7530,6805,4285,2235,1070,595,300,185,55,130
,Calgary,Total,Spending less than 30% of income,380,2380,7570,10295,12955,18180,21750,23900,25500,25810,253325
,Calgary,Total,Spending more than 30% of income,9065,13290,18795,15670,15025,12375,9450,6590,4525,2870,5115
,Calgary,Owner,Spending less than 30% of income,55,775,4935,7345,8790,10740,12725,15020,17320,1833,219155
,Calgary,Owner,Spending more than 30% of income,3975,5210,7370,6710,7575,7720,6860,5285,3860,2575,4815
,Calgary,Renter,Spending less than 30% of income,325,1605,2640,2955,5165,7440,9020,8875,8175,7480,34170
,Calgary,Renter,Spending more than 30% of income,5095,8080,11420,8960,7455,4650,2585,1300,665,295,305
,Saskatoon,Total,Spending less than 30% of income,75,655,2915,3610,4890,5745,6260,6065,6300,6130,45555
,Saskatoon,Total,Spending more than 30% of income,2480,4600,5670,4425,3275,2410,1540,995,560,290,545
,Saskatoon,Owner,Spending less than 30% of income,15,260,1425,2200,2585,3335,3805,4310,4740,4765,4165
,Saskatoon,Owner,Spending more than 30% of income,870,1130,1575,1510,1640,1445,1180,840,500,270,520
,Saskatoon,Renter,Spending less than 30% of income,60,395,775,1415,2310,2405,2455,1760,1560,1365,4395
,Saskatoon,Renter,Spending more than 30% of income,1600,3460,4090,2920,1635,960,365,155,60,20,30
,Whitehorse,Total,Spending less than 30% of income,10,155,325,310,465,425,570,565,640,615,5210
,Whitehorse,Total,Spending more than 30% of income,165,425,420,335,215,210,165,95,75,50,85
,Whitehorse,Owner,Spending less than 30% of income,0,60,130,180,215,205,350,335,420,375,4455
,Whitehorse,Owner,Spending more than 30% of income,45,95,120,110,95,110,120,65,80,45,85
,Whitehorse,Renter,Spending less than 30% of income,0,90,200,135,255,225,215,225,220,235,760
,Whitehorse,Renter,Spending more than 30% of income,120,330,305,225,125,100,40,30,0,0,0
,Yellowknife,Total,Spending less than 30% of income,15,55,85,65,65,85,130,240,210,310,4820
,Yellowknife,Total,Spending more than 30% of income,70,80,145,130,120,155,60,55,70,30,130
,Yellowknife,Owner,Spending less than 30% of income,0,0,10,10,20,25,30,50,60,115,3350
,Yellowknife,Owner,Spending more than 30% of income,30,115,35,30,10,35,0,10,35,25,110
,Yellowknife,Renter,Spending less than 30% of income,20,60,75,60,45,60,90,185,150,190,1470
,Yellowknife,Renter,Spending more than 30% of income,45,65,110,100,115,125,50,45,35,0,20